{
  "db": {
    "host": "mongodb://127.0.0.1:27017/taxonomia",
    "collections": ["taxonomia"]
  },
  "domain":"etaxonomia.herokuapp.com",
  "server": {
    "dbConnectionRetry": true,
    "maxConnectionRetryTime": 60,
    "port": 5000
  },
  "app": {
    "url": "https://etaxonomia.herokuapp.com/"
  },
  "service": {
    "protocol": "https://",
    "host": "etaxonomia.herokuapp.com",
    "pathname": "/v1"
  },
  "redis": {
    "host": "127.0.0.1",
    "port": 6379
  },
  "logs": {
    "screenshotFolder": "/dev/shm"
  }
}
